SPI,CALLED MODULES
VIB3A01,
VIB3A02,
VIB3A03,
VIB3A04,
VIB3A05P,
VIB3A05S,
VIB3A06S,
VIB3A07,
VIB3A08,"VIB3641
VIB3B71
VIB3685
VIB3796
VIB3B64
VIB3D35
VIB3922
VIB3239"
VIB3A09,VIB3922
VIB3A10,
VIB3A30,VIB3B70
VIB3A31,"VIB3B88
VIB3685
VIB3B89"
VIB3A32,VIB3B56
VIB3A33,
VIB3A34,
VIB3A35,
VIB3A36,"VIB3B60
VIB3685
VIB3776
VIB3237
VIB3507
VIB3E16
VIB3B92"
VIB3A50,"VIB3239
VIB3841"
VIB3A51,"VIB3239
VIB3841"
VIB3A52,VIB3239
VIB3A53,"VIB3239
VIB3841"
VIB3A54,VIB3239
VIB3A55,VIB3239
VIB3A56,VIB3841
VIB3A57,VIB3841
VIB3A58,
VIB3A59,VIB3841
VIB3A60,VIB3841
VIB3A61,VIB3841
VIB3A62,VIB3841
VIB3A63,
VIB3A64,VIB3841
VIB3A65,
VIB3A66,VIB3N56
VIB3A70,"VIB3D16
VIB3D72"
VIB3A71,VIB3B94
VIB3A82,"VIB3O39
VIB3B88
VIB3B89
VIB3D35"
VIB3A83,"VIB3O39
VIB3685
VIB3B80
VIB3N95
VIB3B89
VIB3676
VIB3B88"
VIB3A84,VIB3841
VIB3A85,VIB3841
VIB3B26,"VIB3D60
VIB3B89
VIB3N72
VIB3676
VIB3B61
VIB3B83
VIB3B62
VIB3E26
VIB3N64
VIB3B51
VIB3B80
VIB3B76
VIB3B14
VIB3828
VIB3N76
VIB3687
VIB3534
VIB3B84
VIB3936
VIB3D37
VIB3537
VIB3744
VIB3C67
VIB3B60
VIB3685
VIB3776
VIB3D35
VIB3E30
VIB3K03
VIB3B65
VIB3B92
VIB3B88"
VIB3B27,"VIB3B43
VIB3676
VIB3B48
VIB3B26
VIB3B55
VIB3N29
VIB3B51
VIB3B80
VIB3B28
VIB3402
VIB3B14
VIB3687
VIB3239
VIB3B75
VIB3B29
VIB3683
VIB3680
VIB3B58
VIB3C67
VIB3N57
VIB3776
VIB3733
VIB3N32
VIB3K03
VIB3B92"
VIB3B33,"VIB3N64
VIB3685
VIB3C71
VIB3B89
VIB3776
VIB3539
VIB3676
VIB3B63
VIB3B56
VIB3B88
VIB3744
VIB3687
VIB3419
VIB3C68
VIB3B62"
VIB3B53,"VIB3685
VIB3676
VIB3687
VIB3B65"
VIB3B86,"VIB3B51
VIB3B80
VIB3685
VIB3B28
VIB3C71
VIB3B89
VIB3539
VIB3680
VIB3677
VIB3237
VIB3B88"
VIB3B94R,"VIB3415
VIB3B81
VIB3B94"
VIB3B95,
VIB3B96,"VIB3B89
VIB3152
VIB3181
VIB3504
VIB3B62
VIB3B51
VIB3B80
VIB3251
VIB3B76
VIB3C71
VIB3328
VIB3748
VIB3B84
VIB3350
VIB3744
VIB3685
VIB3558
VIB3D35
VIB3841
VIB3C76
VIB3734
VIB3B88"
VIB3C05,
VIB3C06,
VIB3C07,
VIB3C08,
VIB3C64,"VIB3685
VIB3B94
VIB3B43
VIB3B46
VIB3687
VIB3B92
VIB3B55
VIB3C68"
VIB3C81,
VIB3DA1,"VIB3B51
VIB3685
VIB3B89
VIB3402
VIB3D35
VIB3929
VIB3O38
VIB3B56
VIB3B88
VIB3I01
VIB3690
VIB3239
VIB3744"
VIB3D10,"VIB3B76
VIB3D29"
VIB3D32,"VIB3236
VIB3B94
VIB3B92
VIB3239
VIB3690"
VIB3D33,"VIB3239
VIB3B80"
VIB3D55,"VIB3D16
VIB3N67
VIB3B89
VIB3402
VIB3B94
VIB3N72
VIB3D35
VIB3841
VIB3D65
VIB3N76
VIB3N23
VIB3818
VIB3687
VIB3B92
VIB3372
VIB3239
VIB3B88
VIB3N66"
VIB3D56,"VIB3B89
VIB3402
VIB3D35
VIB3372
VIB3B88"
VIB3D57,
VIB3D59,"VIB3402
VIB3932"
VIB3D89,"VIB3181
VIB3685"
VIB3J01,"VIB3B80
VIB3152
VIB3691
VIB3B56
VIB3687
VIB3C68
VIB3B40"
VIB3J88,VIB3B92
VIB3K07,"VIB3B89
VIB3533
VIB3539
VIB3676
VIB3B63
VIB3419
VIB3B55
VIB3B62
VIB3N64
VIB3C71
VIB3B94
VIB3B14
VIB3B56
VIB3B70
VIB3687
VIB3748
VIB3680
VIB3744
VIB3C68
VIB3C67
VIB3B60
VIB3685
VIB3776
VIB3N02
VIB3B65
VIB3B88"
VIB3K08,VIB3687
VIB3K09,
VIB3K10,
VIB3K11,
VIB3K12,
VIB3K17,VIB3685
VIB3K20,VIB3B56
VIB3K21,
VIB3K22,VIB3B49
VIB3M09,
VIB3M20,"VIB3239
VIB3841
VIB3D16
VIB3D72"
VIB3M31,"VIB3B56
VIB3C67
VIB3685
VIB3B46"
VIB3M41,
VIB3M42,
VIB3M43,
VIB3M44,VIB3B92
VIB3M45,"VIB3885
VIB3B70
VIB3B88
VIB3B89"
VIB3M50,
VIB3M58,"VIB3B51
VIB3685
VIB3B89
VIB3B94
VIB3676
VIB3B88"
VIB3M64,"VIB3B90
VIB3685
VIB3C71
VIB3B89
VIB3B94
VIB3B50
VIB3B70
VIB3239
VIB3B88"
VIB3M65,"VIB3B92
VIB3B56
VIB3C68"
VIB3M68,"VIB3B89
VIB3676
VIB3O38
VIB3O32
VIB3B56
VIB3B88"
VIB3M77,
VIB3M94,"VIB3B70
VIB3B88
VIB3685
VIB3B89"
VIB3N12,"VIB3N93
VIB3B80
VIB3152
VIB3239
VIB3690"
VIB3N17,"VIB3747
VIB3B51
VIB3B80
VIB3C71
VIB3B76
VIB3B89
VIB3B07
VIB3685
VIB3D35
VIB3B56
VIB3B88
VIB3B65
VIB3C68
VIB3E26"
VIB3N20,
VIB3N39,"VIB3N22
VIB3181
VIB3685"
VIB3N40,"VIB3B94
VIB3B80"
VIB3N41,"VIB3N22
VIB3181
VIB3685"
VIB3N44,"VIB3685
VIB3D72
VIB3687
VIB3236
VIB3818"
VIB3N46,VIB3N22
VIB3N97,
VIB3O08,"VIB3152
VIB3O10
VIB3B43"
VIB3O56,"VIB3B92
VIB3685
VIB3B94"
VIB3R02,"VIB3152
VIB3B94"
VIB3R03,"VIB3152
VIB3B94"
VIB3R54,"VIB3951
VIB3B55
VIB3676"
VIB3T01,
VIB3T02,
VIB3T03,
VIB3T04,
VIB3W01,VIB3152
VIB3X05,
VIB3Z03,
VIB3Z09,
VIB3000,"VIB3B92
VIB3685
VIB3773"
VIB3000A,"VIB3B92
VIB3685
VIB3773"
VIB3000B,"VIB3B92
VIB3685
VIB3773"
VIB3001,"VIB3152
VIB3B17"
VIB3003,"VIB3152
VIB3B58
VIB3B57"
VIB3004,"VIB3152
VIB3B58"
VIB3011,"VIB3152
VIB3B43
VIB3B94"
VIB3012,"VIB3152
VIB3B43
VIB3B94"
VIB3015,"VIB3152
VIB3B43"
VIB3016,"VIB3152
VIB3B50
VIB3C71"
VIB3020,
VIB3021,
VIB3044,VIB3152
VIB3049,"VIB3152
VIB3744"
VIB3060,"VIB3152
VIB3B49"
VIB3061,"VIB3152
VIB3B49"
VIB3062,"VIB3152
VIB3B40"
VIB3063,"VIB3152
VIB3B55
VIB3687
VIB3K03"
VIB3066,"VIB3152
VIB3B41"
VIB3067,"VIB3152
VIB3B43
VIB3685"
VIB3069,"VIB3B54
VIB3685
VIB3152
VIB3B94
VIB3B17
VIB3O52
VIB3B56
VIB3690"
VIB3080,VIB3152
VIB3100,
VIB3111,VIB3D82
VIB3140,"VIB3152
VIB3685"
VIB3141,"VIB3B92
VIB3152
VIB3687
VIB3K15"
VIB3151,
VIB3156,
VIB3159,
VIB3194,VIB3152
VIB3195,VIB3152
VIB3200,
VIB3248,"VIB3B89
VIB3152
VIB3181
VIB3504
VIB3O36
VIB3B62
VIB3B51
VIB3N06
VIB3B80
VIB3251
VIB3B76
VIB3402
VIB3C71
VIB3328
VIB3D18
VIB3N88
VIB3748
VIB3B84
VIB3N56
VIB3350
VIB3744
VIB3685
VIB3558
VIB3D35
VIB3C76
VIB3734
VIB3B92
VIB3B88
VIB3N74"
VIB3252,"VIB3152
VIB3504"
VIB3302,"VIB3152
VIB3504"
VIB3323,"VIB3747
VIB3685
VIB3751
VIB3425
VIB3181"
VIB3324,"VIB3570
VIB3B51
VIB3B80
VIB3685
VIB3676
VIB3181
VIB3D34
VIB3O21"
VIB3326,"VIB3B51
VIB3B80
VIB3562
VIB3B89
VIB3676
VIB3N45
VIB3D34
VIB3B88
VIB3E27
VIB3E17
VIB3E26"
VIB3327,"VIB3B80
VIB3C71
VIB3558
VIB3531
VIB3533
VIB3539
VIB3D35
VIB3B89
VIB3828
VIB3B76
VIB3D70
VIB3B70
VIB3B88
VIB3B65
VIB3236
VIB3744
VIB3B62"
VIB3329,"VIB3B89
VIB3676
VIB3B61
VIB3B63
VIB3181
VIB3237
VIB3595
VIB3512
VIB3B62
VIB3B51
VIB3B80
VIB3C71
VIB3751
VIB3B76
VIB3441
VIB3689
VIB3B70
VIB3B88
VIB3N56
VIB3D80
VIB3744
VIB3850
VIB3685
VIB3B60
VIB3B64
VIB3841
VIB3D35
VIB3851
VIB3236
VIB3B87"
VIB3330,
VIB3365,"VIB3D36
VIB3B89
VIB3152
VIB3955
VIB3181
VIB3O33
VIB3I06
VIB3504
VIB3N67
VIB3978
VIB3O37
VIB3B80
VIB3D72
VIB3B94
VIB3D53
VIB3B88
VIB3940
VIB3979
VIB3239
VIB3O32
VIB3B40
VIB3N53
VIB3956
VIB3O50
VIB3N35
VIB3D37
VIB3372
VIB3954
VIB3392
VIB3N34
VIB3685
VIB3943
VIB3N95
VIB3776
VIB3953
VIB3N62
VIB3D35
VIB3977
VIB3951
VIB3B92
VIB3B87"
VIB3425,"VIB3685
VIB3322
VIB3561
VIB3751
VIB3639
VIB3687
VIB3637"
VIB3435,"VIB3152
VIB3504"
VIB3437,"VIB3152
VIB3504"
VIB3448,
VIB3451,
VIB3455,
VIB3508,
VIB3569,"VIB3B89
VIB3530
VIB3I06
VIB3N13
VIB3E26
VIB3B51
VIB3B80
VIB3C71
VIB3E31
VIB3B23
VIB3B94
VIB3B76
VIB3N14
VIB3880
VIB3239
VIB3N15
VIB3N53
VIB3240
VIB3E16
VIB3B60
VIB3457
VIB3685
VIB3E09
VIB3D35
VIB3506
VIB3B65
VIB3B92
VIB3B88"
VIB3572,
VIB3577,"VIB3179
VIB3685"
VIB3579,
VIB3889,VIB3239
VIB3980,
VIB3981,
VIB3982,
VIB3983,
VIB3984,
VIB3985,
VIB3987,
VIB3989,VIB3B48
VIB3999,
